"percentage.captured","alpha.plus.median"
0.9973,3.79746162883034
0.99994,6.74914369532759
0.9999994,9.33624173164419
